{
  "Register Request" : {
    "transaction" : "Register Request",
    "sampleCount" : 1,
    "errorCount" : 0,
    "errorPct" : 0.0,
    "meanResTime" : 242.0,
    "medianResTime" : 242.0,
    "minResTime" : 242.0,
    "maxResTime" : 242.0,
    "pct1ResTime" : 242.0,
    "pct2ResTime" : 242.0,
    "pct3ResTime" : 242.0,
    "throughput" : 4.132231404958678,
    "receivedKBytesPerSec" : 5.625322830578512,
    "sentKBytesPerSec" : 1.158154700413223
  },
  "Total" : {
    "transaction" : "Total",
    "sampleCount" : 5,
    "errorCount" : 0,
    "errorPct" : 0.0,
    "meanResTime" : 348.0,
    "medianResTime" : 126.0,
    "minResTime" : 99.0,
    "maxResTime" : 1172.0,
    "pct1ResTime" : 1172.0,
    "pct2ResTime" : 1172.0,
    "pct3ResTime" : 1172.0,
    "throughput" : 2.77623542476402,
    "receivedKBytesPerSec" : 6.244360771793448,
    "sentKBytesPerSec" : 0.5975412965019434
  },
  "Get Tasks" : {
    "transaction" : "Get Tasks",
    "sampleCount" : 2,
    "errorCount" : 0,
    "errorPct" : 0.0,
    "meanResTime" : 100.0,
    "medianResTime" : 100.0,
    "minResTime" : 99.0,
    "maxResTime" : 101.0,
    "pct1ResTime" : 101.0,
    "pct2ResTime" : 101.0,
    "pct3ResTime" : 101.0,
    "throughput" : 6.116207951070336,
    "receivedKBytesPerSec" : 18.294868119266056,
    "sentKBytesPerSec" : 0.7227159785932722
  },
  "Visit the Sign Up Page" : {
    "transaction" : "Visit the Sign Up Page",
    "sampleCount" : 1,
    "errorCount" : 0,
    "errorPct" : 0.0,
    "meanResTime" : 1172.0,
    "medianResTime" : 1172.0,
    "minResTime" : 1172.0,
    "maxResTime" : 1172.0,
    "pct1ResTime" : 1172.0,
    "pct2ResTime" : 1172.0,
    "pct3ResTime" : 1172.0,
    "throughput" : 0.8532423208191127,
    "receivedKBytesPerSec" : 2.5522277623720138,
    "sentKBytesPerSec" : 0.10248906783276451
  },
  "Add Todo" : {
    "transaction" : "Add Todo",
    "sampleCount" : 1,
    "errorCount" : 0,
    "errorPct" : 0.0,
    "meanResTime" : 126.0,
    "medianResTime" : 126.0,
    "minResTime" : 126.0,
    "maxResTime" : 126.0,
    "pct1ResTime" : 126.0,
    "pct2ResTime" : 126.0,
    "pct3ResTime" : 126.0,
    "throughput" : 7.936507936507936,
    "receivedKBytesPerSec" : 7.2312127976190474,
    "sentKBytesPerSec" : 3.4877232142857144
  }
}