{
  "Reserve Request" : {
    "transaction" : "Reserve Request",
    "sampleCount" : 3616,
    "errorCount" : 0,
    "errorPct" : 0.0,
    "meanResTime" : 636.0553097345133,
    "medianResTime" : 315.0,
    "minResTime" : 266.0,
    "maxResTime" : 8855.0,
    "pct1ResTime" : 419.0,
    "pct2ResTime" : 664.1499999999996,
    "pct3ResTime" : 8103.83,
    "throughput" : 36.14879387389909,
    "receivedKBytesPerSec" : 259.43387237456386,
    "sentKBytesPerSec" : 7.978151772950385
  },
  "purchase Request" : {
    "transaction" : "purchase Request",
    "sampleCount" : 3605,
    "errorCount" : 0,
    "errorPct" : 0.0,
    "meanResTime" : 359.2252427184474,
    "medianResTime" : 318.0,
    "minResTime" : 269.0,
    "maxResTime" : 5234.0,
    "pct1ResTime" : 413.0,
    "pct2ResTime" : 498.6999999999998,
    "pct3ResTime" : 909.7000000000003,
    "throughput" : 39.100207160598266,
    "receivedKBytesPerSec" : 256.406859669709,
    "sentKBytesPerSec" : 10.615095303365546
  },
  "Total" : {
    "transaction" : "Total",
    "sampleCount" : 10807,
    "errorCount" : 0,
    "errorPct" : 0.0,
    "meanResTime" : 451.61367632090605,
    "medianResTime" : 317.0,
    "minResTime" : 263.0,
    "maxResTime" : 8855.0,
    "pct1ResTime" : 412.0,
    "pct2ResTime" : 520.6000000000004,
    "pct3ResTime" : 7640.52,
    "throughput" : 108.0365086823085,
    "receivedKBytesPerSec" : 698.1174019647659,
    "sentKBytesPerSec" : 31.100436989533243
  },
  "conformation Request" : {
    "transaction" : "conformation Request",
    "sampleCount" : 3586,
    "errorCount" : 0,
    "errorPct" : 0.0,
    "meanResTime" : 358.50697155605104,
    "medianResTime" : 317.0,
    "minResTime" : 263.0,
    "maxResTime" : 5349.0,
    "pct1ResTime" : 408.0,
    "pct2ResTime" : 489.0,
    "pct3ResTime" : 830.9500000000016,
    "throughput" : 39.05126976521323,
    "receivedKBytesPerSec" : 220.42836709663717,
    "sentKBytesPerSec" : 14.529818145064686
  }
}